tag,model,mode,freq,size_mb,storage,network,num_iterations,wall_time_cycles,gpu_time_cycles,comm_time_cycles,overlap_cycles,baseline_wall_time_cycles,overhead_pct,astra_returncode,sim_seconds,trace_key,workload
main,bert,baseline,10,500,nvme_std,network_8_balanced,200,18467880800,153600,18467727200,0,18467880800,0.0,0,18.46,bert_base_200iter_4770be8574,transformer_8dp_1pp_1tp_64B_512S_30522V_1024d_2b_100scale_200iter
main,bert,checkfreq_like,10,500,nvme_std,network_8_balanced,200,19341700820,873973620,18467727200,0,18467880800,4.73157,0,15.35,bert_checkfreq_like_n10_sz500MB_nvme_std_200iter_19c85b7bfc,transformer_8dp_1pp_1tp_64B_512S_30522V_1024d_2b_100scale_200iter
main,bert,sync,10,500,nvme_std,network_8_balanced,200,22836960800,4369233600,18467727200,0,18467880800,23.65772,0,14.65,bert_sync_n10_sz500MB_nvme_std_200iter_8b67537c01,transformer_8dp_1pp_1tp_64B_512S_30522V_1024d_2b_100scale_200iter
main,bert,checkfreq_like,10,1000,nvme_std,network_8_balanced,200,20215500820,1747773620,18467727200,0,18467880800,9.46302,0,15.51,bert_checkfreq_like_n10_sz1000MB_nvme_std_200iter_3a4966026c,transformer_8dp_1pp_1tp_64B_512S_30522V_1024d_2b_100scale_200iter
main,bert,sync,10,1000,nvme_std,network_8_balanced,200,27206000800,8738273600,18467727200,0,18467880800,47.31523,0,15.35,bert_sync_n10_sz1000MB_nvme_std_200iter_150abeff84,transformer_8dp_1pp_1tp_64B_512S_30522V_1024d_2b_100scale_200iter
main,bert,checkfreq_like,10,1500,nvme_std,network_8_balanced,200,21089320820,2621593620,18467727200,0,18467880800,14.19459,0,16.27,bert_checkfreq_like_n10_sz1500MB_nvme_std_200iter_87d88484e8,transformer_8dp_1pp_1tp_64B_512S_30522V_1024d_2b_100scale_200iter
main,bert,sync,10,1500,nvme_std,network_8_balanced,200,31575080800,13107353600,18467727200,0,18467880800,70.97295,0,15.11,bert_sync_n10_sz1500MB_nvme_std_200iter_0d80e008c0,transformer_8dp_1pp_1tp_64B_512S_30522V_1024d_2b_100scale_200iter
main,bert,checkfreq_like,10,2000,nvme_std,network_8_balanced,200,21963140820,3495413620,18467727200,0,18467880800,18.92616,0,14.57,bert_checkfreq_like_n10_sz2000MB_nvme_std_200iter_59bc835500,transformer_8dp_1pp_1tp_64B_512S_30522V_1024d_2b_100scale_200iter
main,bert,sync,10,2000,nvme_std,network_8_balanced,200,35944160800,17476433600,18467727200,0,18467880800,94.63067,0,15.71,bert_sync_n10_sz2000MB_nvme_std_200iter_964f29a5fe,transformer_8dp_1pp_1tp_64B_512S_30522V_1024d_2b_100scale_200iter
main,bert,checkfreq_like,10,2500,nvme_std,network_8_balanced,200,22836940820,4369213620,18467727200,0,18467880800,23.65761,0,15.84,bert_checkfreq_like_n10_sz2500MB_nvme_std_200iter_3c8f3358b2,transformer_8dp_1pp_1tp_64B_512S_30522V_1024d_2b_100scale_200iter
main,bert,sync,10,2500,nvme_std,network_8_balanced,200,40313200800,21845473600,18467727200,0,18467880800,118.28818,0,14.96,bert_sync_n10_sz2500MB_nvme_std_200iter_3e96b53d7d,transformer_8dp_1pp_1tp_64B_512S_30522V_1024d_2b_100scale_200iter
main,bert,checkfreq_like,10,3000,nvme_std,network_8_balanced,200,23710760820,5243033620,18467727200,0,18467880800,28.38918,0,14.77,bert_checkfreq_like_n10_sz3000MB_nvme_std_200iter_9f59ed01e9,transformer_8dp_1pp_1tp_64B_512S_30522V_1024d_2b_100scale_200iter
main,bert,sync,10,3000,nvme_std,network_8_balanced,200,44682280800,26214553600,18467727200,0,18467880800,141.9459,0,16.07,bert_sync_n10_sz3000MB_nvme_std_200iter_2dea96b934,transformer_8dp_1pp_1tp_64B_512S_30522V_1024d_2b_100scale_200iter
main,bert,checkfreq_like,10,3500,nvme_std,network_8_balanced,200,24584580820,6116853620,18467727200,0,18467880800,33.12075,0,15.93,bert_checkfreq_like_n10_sz3500MB_nvme_std_200iter_38c403e87c,transformer_8dp_1pp_1tp_64B_512S_30522V_1024d_2b_100scale_200iter
main,bert,sync,10,3500,nvme_std,network_8_balanced,200,,,,0,,,0,9.12,bert_sync_n10_sz3500MB_nvme_std_200iter_aee859d85a,transformer_8dp_1pp_1tp_64B_512S_30522V_1024d_2b_100scale_200iter
main,bert,checkfreq_like,10,4000,nvme_std,network_8_balanced,200,25458380820,6990653620,18467727200,0,18467880800,37.8522,0,15.56,bert_checkfreq_like_n10_sz4000MB_nvme_std_200iter_bf7a1bd17b,transformer_8dp_1pp_1tp_64B_512S_30522V_1024d_2b_100scale_200iter
main,bert,sync,10,4000,nvme_std,network_8_balanced,200,53420400800,34952673600,18467727200,0,18467880800,189.26113,0,16.81,bert_sync_n10_sz4000MB_nvme_std_200iter_a934d8e346,transformer_8dp_1pp_1tp_64B_512S_30522V_1024d_2b_100scale_200iter
main,bert,checkfreq_like,10,4500,nvme_std,network_8_balanced,200,26332200820,7864473620,18467727200,0,18467880800,42.58377,0,16.52,bert_checkfreq_like_n10_sz4500MB_nvme_std_200iter_4046e0dc2a,transformer_8dp_1pp_1tp_64B_512S_30522V_1024d_2b_100scale_200iter
main,bert,sync,10,4500,nvme_std,network_8_balanced,200,57789480800,39321753600,18467727200,0,18467880800,212.91885,0,15.05,bert_sync_n10_sz4500MB_nvme_std_200iter_2738b6df86,transformer_8dp_1pp_1tp_64B_512S_30522V_1024d_2b_100scale_200iter
main,bert,checkfreq_like,10,5000,nvme_std,network_8_balanced,200,27206020820,8738293620,18467727200,0,18467880800,47.31534,0,15.96,bert_checkfreq_like_n10_sz5000MB_nvme_std_200iter_397d333b41,transformer_8dp_1pp_1tp_64B_512S_30522V_1024d_2b_100scale_200iter
main,bert,sync,10,5000,nvme_std,network_8_balanced,200,62158560800,43690833600,18467727200,0,18467880800,236.57658,0,15.58,bert_sync_n10_sz5000MB_nvme_std_200iter_629555d8d2,transformer_8dp_1pp_1tp_64B_512S_30522V_1024d_2b_100scale_200iter
main,bert,checkfreq_like,20,500,nvme_std,network_8_balanced,200,18904790810,437063610,18467727200,0,18467880800,2.36578,0,14.37,bert_checkfreq_like_n20_sz500MB_nvme_std_200iter_4c2b70d956,transformer_8dp_1pp_1tp_64B_512S_30522V_1024d_2b_100scale_200iter
main,bert,sync,20,500,nvme_std,network_8_balanced,200,20652420800,2184693600,18467727200,0,18467880800,11.82886,0,15.36,bert_sync_n20_sz500MB_nvme_std_200iter_66858aa3b5,transformer_8dp_1pp_1tp_64B_512S_30522V_1024d_2b_100scale_200iter
main,bert,checkfreq_like,20,1000,nvme_std,network_8_balanced,200,19341690810,873963610,18467727200,0,18467880800,4.73151,0,14.87,bert_checkfreq_like_n20_sz1000MB_nvme_std_200iter_199a1b9606,transformer_8dp_1pp_1tp_64B_512S_30522V_1024d_2b_100scale_200iter
main,bert,sync,20,1000,nvme_std,network_8_balanced,200,22836940800,4369213600,18467727200,0,18467880800,23.65761,0,13.53,bert_sync_n20_sz1000MB_nvme_std_200iter_32d610bc9e,transformer_8dp_1pp_1tp_64B_512S_30522V_1024d_2b_100scale_200iter
main,bert,checkfreq_like,20,1500,nvme_std,network_8_balanced,200,19778600810,1310873610,18467727200,0,18467880800,7.0973,0,16.29,bert_checkfreq_like_n20_sz1500MB_nvme_std_200iter_3ff8bd776a,transformer_8dp_1pp_1tp_64B_512S_30522V_1024d_2b_100scale_200iter
main,bert,sync,20,1500,nvme_std,network_8_balanced,200,25021480800,6553753600,18467727200,0,18467880800,35.48648,0,15.03,bert_sync_n20_sz1500MB_nvme_std_200iter_40fe6fa8c0,transformer_8dp_1pp_1tp_64B_512S_30522V_1024d_2b_100scale_200iter
main,bert,checkfreq_like,20,2000,nvme_std,network_8_balanced,200,20215510810,1747783610,18467727200,0,18467880800,9.46308,0,20.64,bert_checkfreq_like_n20_sz2000MB_nvme_std_200iter_700457d77a,transformer_8dp_1pp_1tp_64B_512S_30522V_1024d_2b_100scale_200iter
main,bert,sync,20,2000,nvme_std,network_8_balanced,200,27206020800,8738293600,18467727200,0,18467880800,47.31534,0,15.83,bert_sync_n20_sz2000MB_nvme_std_200iter_2aa9fc9e39,transformer_8dp_1pp_1tp_64B_512S_30522V_1024d_2b_100scale_200iter
main,bert,checkfreq_like,20,2500,nvme_std,network_8_balanced,200,20652410810,2184683610,18467727200,0,18467880800,11.82881,0,15.09,bert_checkfreq_like_n20_sz2500MB_nvme_std_200iter_3a2ecb1395,transformer_8dp_1pp_1tp_64B_512S_30522V_1024d_2b_100scale_200iter
main,bert,sync,20,2500,nvme_std,network_8_balanced,200,29390540800,10922813600,18467727200,0,18467880800,59.14409,0,16.21,bert_sync_n20_sz2500MB_nvme_std_200iter_d3b01504db,transformer_8dp_1pp_1tp_64B_512S_30522V_1024d_2b_100scale_200iter
main,bert,checkfreq_like,20,3000,nvme_std,network_8_balanced,200,21089320810,2621593610,18467727200,0,18467880800,14.19459,0,18.23,bert_checkfreq_like_n20_sz3000MB_nvme_std_200iter_dd174d3de7,transformer_8dp_1pp_1tp_64B_512S_30522V_1024d_2b_100scale_200iter
main,bert,sync,20,3000,nvme_std,network_8_balanced,200,31575080800,13107353600,18467727200,0,18467880800,70.97295,0,17.19,bert_sync_n20_sz3000MB_nvme_std_200iter_6b8fb3a215,transformer_8dp_1pp_1tp_64B_512S_30522V_1024d_2b_100scale_200iter
main,bert,checkfreq_like,20,3500,nvme_std,network_8_balanced,200,21526230810,3058503610,18467727200,0,18467880800,16.56037,0,15.08,bert_checkfreq_like_n20_sz3500MB_nvme_std_200iter_e38bb1174b,transformer_8dp_1pp_1tp_64B_512S_30522V_1024d_2b_100scale_200iter
main,bert,sync,20,3500,nvme_std,network_8_balanced,200,33759620800,15291893600,18467727200,0,18467880800,82.80181,0,15.05,bert_sync_n20_sz3500MB_nvme_std_200iter_b5cdf1b087,transformer_8dp_1pp_1tp_64B_512S_30522V_1024d_2b_100scale_200iter
main,bert,checkfreq_like,20,4000,nvme_std,network_8_balanced,200,21963130810,3495403610,18467727200,0,18467880800,18.9261,0,14.48,bert_checkfreq_like_n20_sz4000MB_nvme_std_200iter_ee574ed02a,transformer_8dp_1pp_1tp_64B_512S_30522V_1024d_2b_100scale_200iter
main,bert,sync,20,4000,nvme_std,network_8_balanced,200,35944140800,17476413600,18467727200,0,18467880800,94.63057,0,14.23,bert_sync_n20_sz4000MB_nvme_std_200iter_4986a06853,transformer_8dp_1pp_1tp_64B_512S_30522V_1024d_2b_100scale_200iter
main,bert,checkfreq_like,20,4500,nvme_std,network_8_balanced,200,22400040810,3932313610,18467727200,0,18467880800,21.29189,0,20.56,bert_checkfreq_like_n20_sz4500MB_nvme_std_200iter_227c0ce424,transformer_8dp_1pp_1tp_64B_512S_30522V_1024d_2b_100scale_200iter
main,bert,sync,20,4500,nvme_std,network_8_balanced,200,38128680800,19660953600,18467727200,0,18467880800,106.45943,0,22.21,bert_sync_n20_sz4500MB_nvme_std_200iter_43c1a5ff86,transformer_8dp_1pp_1tp_64B_512S_30522V_1024d_2b_100scale_200iter
main,bert,checkfreq_like,20,5000,nvme_std,network_8_balanced,200,22836950810,4369223610,18467727200,0,18467880800,23.65767,0,17.78,bert_checkfreq_like_n20_sz5000MB_nvme_std_200iter_6d25bb0f00,transformer_8dp_1pp_1tp_64B_512S_30522V_1024d_2b_100scale_200iter
main,bert,sync,20,5000,nvme_std,network_8_balanced,200,40313220800,21845493600,18467727200,0,18467880800,118.28829,0,17.29,bert_sync_n20_sz5000MB_nvme_std_200iter_8b42dc83ea,transformer_8dp_1pp_1tp_64B_512S_30522V_1024d_2b_100scale_200iter
main,bert,checkfreq_like,30,500,nvme_std,network_8_balanced,200,18773717807,305990607,18467727200,0,18467880800,1.65605,0,17.09,bert_checkfreq_like_n30_sz500MB_nvme_std_200iter_fb8adbde0c,transformer_8dp_1pp_1tp_64B_512S_30522V_1024d_2b_100scale_200iter
main,bert,sync,30,500,nvme_std,network_8_balanced,200,19997058800,1529331600,18467727200,0,18467880800,8.2802,0,16.19,bert_sync_n30_sz500MB_nvme_std_200iter_47f3928478,transformer_8dp_1pp_1tp_64B_512S_30522V_1024d_2b_100scale_200iter
main,bert,checkfreq_like,30,1000,nvme_std,network_8_balanced,200,19079547807,611820607,18467727200,0,18467880800,3.31206,0,16.21,bert_checkfreq_like_n30_sz1000MB_nvme_std_200iter_ad4c877561,transformer_8dp_1pp_1tp_64B_512S_30522V_1024d_2b_100scale_200iter
main,bert,sync,30,1000,nvme_std,network_8_balanced,200,21526222800,3058495600,18467727200,0,18467880800,16.56033,0,14.7,bert_sync_n30_sz1000MB_nvme_std_200iter_a3d5152eb2,transformer_8dp_1pp_1tp_64B_512S_30522V_1024d_2b_100scale_200iter
main,bert,checkfreq_like,30,1500,nvme_std,network_8_balanced,200,19385384807,917657607,18467727200,0,18467880800,4.96811,0,26.97,bert_checkfreq_like_n30_sz1500MB_nvme_std_200iter_bfad3414e8,transformer_8dp_1pp_1tp_64B_512S_30522V_1024d_2b_100scale_200iter
main,bert,sync,30,1500,nvme_std,network_8_balanced,200,23055400800,4587673600,18467727200,0,18467880800,24.84053,0,21.55,bert_sync_n30_sz1500MB_nvme_std_200iter_2a260682f4,transformer_8dp_1pp_1tp_64B_512S_30522V_1024d_2b_100scale_200iter
main,bert,checkfreq_like,30,2000,nvme_std,network_8_balanced,200,19691221807,1223494607,18467727200,0,18467880800,6.62415,0,18.88,bert_checkfreq_like_n30_sz2000MB_nvme_std_200iter_ed91f80903,transformer_8dp_1pp_1tp_64B_512S_30522V_1024d_2b_100scale_200iter
main,bert,sync,30,2000,nvme_std,network_8_balanced,200,24584578800,6116851600,18467727200,0,18467880800,33.12074,0,15.7,bert_sync_n30_sz2000MB_nvme_std_200iter_de58f52bae,transformer_8dp_1pp_1tp_64B_512S_30522V_1024d_2b_100scale_200iter
main,bert,checkfreq_like,30,2500,nvme_std,network_8_balanced,200,19997051807,1529324607,18467727200,0,18467880800,8.28017,0,17.79,bert_checkfreq_like_n30_sz2500MB_nvme_std_200iter_a5a5aa151a,transformer_8dp_1pp_1tp_64B_512S_30522V_1024d_2b_100scale_200iter
main,bert,sync,30,2500,nvme_std,network_8_balanced,200,26113742800,7646015600,18467727200,0,18467880800,41.40086,0,17.75,bert_sync_n30_sz2500MB_nvme_std_200iter_773259af8d,transformer_8dp_1pp_1tp_64B_512S_30522V_1024d_2b_100scale_200iter
main,bert,checkfreq_like,30,3000,nvme_std,network_8_balanced,200,20302888807,1835161607,18467727200,0,18467880800,9.93621,0,14.99,bert_checkfreq_like_n30_sz3000MB_nvme_std_200iter_7cafa12c7b,transformer_8dp_1pp_1tp_64B_512S_30522V_1024d_2b_100scale_200iter
main,bert,sync,30,3000,nvme_std,network_8_balanced,200,27642920800,9175193600,18467727200,0,18467880800,49.68107,0,18.02,bert_sync_n30_sz3000MB_nvme_std_200iter_bed2a08569,transformer_8dp_1pp_1tp_64B_512S_30522V_1024d_2b_100scale_200iter
main,bert,checkfreq_like,30,3500,nvme_std,network_8_balanced,200,20608725807,2140998607,18467727200,0,18467880800,11.59226,0,20.14,bert_checkfreq_like_n30_sz3500MB_nvme_std_200iter_91d45fe4e0,transformer_8dp_1pp_1tp_64B_512S_30522V_1024d_2b_100scale_200iter
main,bert,sync,30,3500,nvme_std,network_8_balanced,200,29172098800,10704371600,18467727200,0,18467880800,57.96127,0,16.11,bert_sync_n30_sz3500MB_nvme_std_200iter_ce621a76a0,transformer_8dp_1pp_1tp_64B_512S_30522V_1024d_2b_100scale_200iter
main,bert,checkfreq_like,30,4000,nvme_std,network_8_balanced,200,20914555807,2446828607,18467727200,0,18467880800,13.24827,0,18.9,bert_checkfreq_like_n30_sz4000MB_nvme_std_200iter_dabf650dc1,transformer_8dp_1pp_1tp_64B_512S_30522V_1024d_2b_100scale_200iter
main,bert,sync,30,4000,nvme_std,network_8_balanced,200,30701262800,12233535600,18467727200,0,18467880800,66.2414,0,18.35,bert_sync_n30_sz4000MB_nvme_std_200iter_03e18548ee,transformer_8dp_1pp_1tp_64B_512S_30522V_1024d_2b_100scale_200iter
main,bert,checkfreq_like,30,4500,nvme_std,network_8_balanced,200,21220392807,2752665607,18467727200,0,18467880800,14.90432,0,17.59,bert_checkfreq_like_n30_sz4500MB_nvme_std_200iter_17f2f0d311,transformer_8dp_1pp_1tp_64B_512S_30522V_1024d_2b_100scale_200iter
main,bert,sync,30,4500,nvme_std,network_8_balanced,200,32230440800,13762713600,18467727200,0,18467880800,74.5216,0,19.07,bert_sync_n30_sz4500MB_nvme_std_200iter_103e73bf83,transformer_8dp_1pp_1tp_64B_512S_30522V_1024d_2b_100scale_200iter
main,bert,checkfreq_like,30,5000,nvme_std,network_8_balanced,200,21526229807,3058502607,18467727200,0,18467880800,16.56037,0,18.32,bert_checkfreq_like_n30_sz5000MB_nvme_std_200iter_6d9deedb35,transformer_8dp_1pp_1tp_64B_512S_30522V_1024d_2b_100scale_200iter
main,bert,sync,30,5000,nvme_std,network_8_balanced,200,33759618800,15291891600,18467727200,0,18467880800,82.8018,0,16.7,bert_sync_n30_sz5000MB_nvme_std_200iter_e244ffc318,transformer_8dp_1pp_1tp_64B_512S_30522V_1024d_2b_100scale_200iter
main,bert,checkfreq_like,40,500,nvme_std,network_8_balanced,200,18686335805,218608605,18467727200,0,18467880800,1.18289,0,16.03,bert_checkfreq_like_n40_sz500MB_nvme_std_200iter_0bb98a7503,transformer_8dp_1pp_1tp_64B_512S_30522V_1024d_2b_100scale_200iter
main,bert,sync,40,500,nvme_std,network_8_balanced,200,19560150800,1092423600,18467727200,0,18467880800,5.91443,0,18.12,bert_sync_n40_sz500MB_nvme_std_200iter_669490d4a2,transformer_8dp_1pp_1tp_64B_512S_30522V_1024d_2b_100scale_200iter
main,bert,checkfreq_like,40,1000,nvme_std,network_8_balanced,200,18904785805,437058605,18467727200,0,18467880800,2.36576,0,17.9,bert_checkfreq_like_n40_sz1000MB_nvme_std_200iter_75169ed24f,transformer_8dp_1pp_1tp_64B_512S_30522V_1024d_2b_100scale_200iter
main,bert,sync,40,1000,nvme_std,network_8_balanced,200,20652410800,2184683600,18467727200,0,18467880800,11.82881,0,17.9,bert_sync_n40_sz1000MB_nvme_std_200iter_e095892f94,transformer_8dp_1pp_1tp_64B_512S_30522V_1024d_2b_100scale_200iter
main,bert,checkfreq_like,40,1500,nvme_std,network_8_balanced,200,19123240805,655513605,18467727200,0,18467880800,3.54865,0,19.04,bert_checkfreq_like_n40_sz1500MB_nvme_std_200iter_1880010d4a,transformer_8dp_1pp_1tp_64B_512S_30522V_1024d_2b_100scale_200iter
main,bert,sync,40,1500,nvme_std,network_8_balanced,200,21744680800,3276953600,18467727200,0,18467880800,17.74324,0,18.3,bert_sync_n40_sz1500MB_nvme_std_200iter_b48ccf3c0c,transformer_8dp_1pp_1tp_64B_512S_30522V_1024d_2b_100scale_200iter
main,bert,checkfreq_like,40,2000,nvme_std,network_8_balanced,200,19341695805,873968605,18467727200,0,18467880800,4.73154,0,15.74,bert_checkfreq_like_n40_sz2000MB_nvme_std_200iter_cbe8fbb4c0,transformer_8dp_1pp_1tp_64B_512S_30522V_1024d_2b_100scale_200iter
main,bert,sync,40,2000,nvme_std,network_8_balanced,200,22836950800,4369223600,18467727200,0,18467880800,23.65767,0,16.7,bert_sync_n40_sz2000MB_nvme_std_200iter_5847d0dbb4,transformer_8dp_1pp_1tp_64B_512S_30522V_1024d_2b_100scale_200iter
main,bert,checkfreq_like,40,2500,nvme_std,network_8_balanced,200,19560145805,1092418605,18467727200,0,18467880800,5.9144,0,16.39,bert_checkfreq_like_n40_sz2500MB_nvme_std_200iter_5345f33a05,transformer_8dp_1pp_1tp_64B_512S_30522V_1024d_2b_100scale_200iter
main,bert,sync,40,2500,nvme_std,network_8_balanced,200,23929210800,5461483600,18467727200,0,18467880800,29.57204,0,17.68,bert_sync_n40_sz2500MB_nvme_std_200iter_58a04ebbe0,transformer_8dp_1pp_1tp_64B_512S_30522V_1024d_2b_100scale_200iter
main,bert,checkfreq_like,40,3000,nvme_std,network_8_balanced,200,19778600805,1310873605,18467727200,0,18467880800,7.0973,0,16.14,bert_checkfreq_like_n40_sz3000MB_nvme_std_200iter_e86eab326a,transformer_8dp_1pp_1tp_64B_512S_30522V_1024d_2b_100scale_200iter
main,bert,sync,40,3000,nvme_std,network_8_balanced,200,25021480800,6553753600,18467727200,0,18467880800,35.48648,0,15.41,bert_sync_n40_sz3000MB_nvme_std_200iter_450fbf5b44,transformer_8dp_1pp_1tp_64B_512S_30522V_1024d_2b_100scale_200iter
main,bert,checkfreq_like,40,3500,nvme_std,network_8_balanced,200,19997055805,1529328605,18467727200,0,18467880800,8.28019,0,17.37,bert_checkfreq_like_n40_sz3500MB_nvme_std_200iter_d727f95838,transformer_8dp_1pp_1tp_64B_512S_30522V_1024d_2b_100scale_200iter
main,bert,sync,40,3500,nvme_std,network_8_balanced,200,26113750800,7646023600,18467727200,0,18467880800,41.40091,0,15.64,bert_sync_n40_sz3500MB_nvme_std_200iter_731886ebb5,transformer_8dp_1pp_1tp_64B_512S_30522V_1024d_2b_100scale_200iter
main,bert,checkfreq_like,40,4000,nvme_std,network_8_balanced,200,20215505805,1747778605,18467727200,0,18467880800,9.46305,0,16.53,bert_checkfreq_like_n40_sz4000MB_nvme_std_200iter_28cf1fac9a,transformer_8dp_1pp_1tp_64B_512S_30522V_1024d_2b_100scale_200iter
main,bert,sync,40,4000,nvme_std,network_8_balanced,200,27206010800,8738283600,18467727200,0,18467880800,47.31528,0,16.52,bert_sync_n40_sz4000MB_nvme_std_200iter_2dbd01e26c,transformer_8dp_1pp_1tp_64B_512S_30522V_1024d_2b_100scale_200iter
main,bert,checkfreq_like,40,4500,nvme_std,network_8_balanced,200,20433960805,1966233605,18467727200,0,18467880800,10.64594,0,17.57,bert_checkfreq_like_n40_sz4500MB_nvme_std_200iter_44abf923a2,transformer_8dp_1pp_1tp_64B_512S_30522V_1024d_2b_100scale_200iter
main,bert,sync,40,4500,nvme_std,network_8_balanced,200,28298280800,9830553600,18467727200,0,18467880800,53.22971,0,17.82,bert_sync_n40_sz4500MB_nvme_std_200iter_bc114dbaa3,transformer_8dp_1pp_1tp_64B_512S_30522V_1024d_2b_100scale_200iter
main,bert,checkfreq_like,40,5000,nvme_std,network_8_balanced,200,20652415805,2184688605,18467727200,0,18467880800,11.82883,0,15.56,bert_checkfreq_like_n40_sz5000MB_nvme_std_200iter_53c25f1050,transformer_8dp_1pp_1tp_64B_512S_30522V_1024d_2b_100scale_200iter
main,bert,sync,40,5000,nvme_std,network_8_balanced,200,29390550800,10922823600,18467727200,0,18467880800,59.14414,0,16.28,bert_sync_n40_sz5000MB_nvme_std_200iter_85a00aa98e,transformer_8dp_1pp_1tp_64B_512S_30522V_1024d_2b_100scale_200iter
main,bert,checkfreq_like,50,500,nvme_std,network_8_balanced,200,18642644804,174917604,18467727200,0,18467880800,0.94631,0,16.85,bert_checkfreq_like_n50_sz500MB_nvme_std_200iter_340a9d4917,transformer_8dp_1pp_1tp_64B_512S_30522V_1024d_2b_100scale_200iter
main,bert,sync,50,500,nvme_std,network_8_balanced,200,19341696800,873969600,18467727200,0,18467880800,4.73154,0,19.02,bert_sync_n50_sz500MB_nvme_std_200iter_eeed6afc87,transformer_8dp_1pp_1tp_64B_512S_30522V_1024d_2b_100scale_200iter
main,bert,checkfreq_like,50,1000,nvme_std,network_8_balanced,200,18817404804,349677604,18467727200,0,18467880800,1.8926,0,17.35,bert_checkfreq_like_n50_sz1000MB_nvme_std_200iter_c841b76f4d,transformer_8dp_1pp_1tp_64B_512S_30522V_1024d_2b_100scale_200iter
main,bert,sync,50,1000,nvme_std,network_8_balanced,200,20215504800,1747777600,18467727200,0,18467880800,9.46305,0,16.15,bert_sync_n50_sz1000MB_nvme_std_200iter_610262f2c7,transformer_8dp_1pp_1tp_64B_512S_30522V_1024d_2b_100scale_200iter
main,bert,checkfreq_like,50,1500,nvme_std,network_8_balanced,200,18992168804,524441604,18467727200,0,18467880800,2.83892,0,14.63,bert_checkfreq_like_n50_sz1500MB_nvme_std_200iter_d243051e3c,transformer_8dp_1pp_1tp_64B_512S_30522V_1024d_2b_100scale_200iter
main,bert,sync,50,1500,nvme_std,network_8_balanced,200,21089320800,2621593600,18467727200,0,18467880800,14.19459,0,14.35,bert_sync_n50_sz1500MB_nvme_std_200iter_8dd5360c97,transformer_8dp_1pp_1tp_64B_512S_30522V_1024d_2b_100scale_200iter
main,bert,checkfreq_like,50,2000,nvme_std,network_8_balanced,200,19166932804,699205604,18467727200,0,18467880800,3.78523,0,16.52,bert_checkfreq_like_n50_sz2000MB_nvme_std_200iter_bffdbc75b4,transformer_8dp_1pp_1tp_64B_512S_30522V_1024d_2b_100scale_200iter
main,bert,sync,50,2000,nvme_std,network_8_balanced,200,21963136800,3495409600,18467727200,0,18467880800,18.92613,0,16.03,bert_sync_n50_sz2000MB_nvme_std_200iter_303711a217,transformer_8dp_1pp_1tp_64B_512S_30522V_1024d_2b_100scale_200iter
main,bert,checkfreq_like,50,2500,nvme_std,network_8_balanced,200,19341692804,873965604,18467727200,0,18467880800,4.73152,0,18.98,bert_checkfreq_like_n50_sz2500MB_nvme_std_200iter_b24804e0c5,transformer_8dp_1pp_1tp_64B_512S_30522V_1024d_2b_100scale_200iter
main,bert,sync,50,2500,nvme_std,network_8_balanced,200,22836944800,4369217600,18467727200,0,18467880800,23.65764,0,15.7,bert_sync_n50_sz2500MB_nvme_std_200iter_43416adb00,transformer_8dp_1pp_1tp_64B_512S_30522V_1024d_2b_100scale_200iter
main,bert,checkfreq_like,50,3000,nvme_std,network_8_balanced,200,19516456804,1048729604,18467727200,0,18467880800,5.67784,0,16.66,bert_checkfreq_like_n50_sz3000MB_nvme_std_200iter_05aed1dadd,transformer_8dp_1pp_1tp_64B_512S_30522V_1024d_2b_100scale_200iter
main,bert,sync,50,3000,nvme_std,network_8_balanced,200,23710760800,5243033600,18467727200,0,18467880800,28.38918,0,14.65,bert_sync_n50_sz3000MB_nvme_std_200iter_e1d6018078,transformer_8dp_1pp_1tp_64B_512S_30522V_1024d_2b_100scale_200iter
main,bert,checkfreq_like,50,3500,nvme_std,network_8_balanced,200,19691220804,1223493604,18467727200,0,18467880800,6.62415,0,14.28,bert_checkfreq_like_n50_sz3500MB_nvme_std_200iter_452499c05d,transformer_8dp_1pp_1tp_64B_512S_30522V_1024d_2b_100scale_200iter
main,bert,sync,50,3500,nvme_std,network_8_balanced,200,24584576800,6116849600,18467727200,0,18467880800,33.12072,0,15.4,bert_sync_n50_sz3500MB_nvme_std_200iter_43353c2130,transformer_8dp_1pp_1tp_64B_512S_30522V_1024d_2b_100scale_200iter
main,bert,checkfreq_like,50,4000,nvme_std,network_8_balanced,200,19865980804,1398253604,18467727200,0,18467880800,7.57044,0,17.38,bert_checkfreq_like_n50_sz4000MB_nvme_std_200iter_f0828a03c1,transformer_8dp_1pp_1tp_64B_512S_30522V_1024d_2b_100scale_200iter
main,bert,sync,50,4000,nvme_std,network_8_balanced,200,25458384800,6990657600,18467727200,0,18467880800,37.85223,0,16.48,bert_sync_n50_sz4000MB_nvme_std_200iter_2158b27b91,transformer_8dp_1pp_1tp_64B_512S_30522V_1024d_2b_100scale_200iter
main,bert,checkfreq_like,50,4500,nvme_std,network_8_balanced,200,20040744804,1573017604,18467727200,0,18467880800,8.51675,0,15.45,bert_checkfreq_like_n50_sz4500MB_nvme_std_200iter_fa5e6f9ff4,transformer_8dp_1pp_1tp_64B_512S_30522V_1024d_2b_100scale_200iter
main,bert,sync,50,4500,nvme_std,network_8_balanced,200,26332200800,7864473600,18467727200,0,18467880800,42.58377,0,16.61,bert_sync_n50_sz4500MB_nvme_std_200iter_fdb95dfcaf,transformer_8dp_1pp_1tp_64B_512S_30522V_1024d_2b_100scale_200iter
main,bert,checkfreq_like,50,5000,nvme_std,network_8_balanced,200,20215508804,1747781604,18467727200,0,18467880800,9.46307,0,17.87,bert_checkfreq_like_n50_sz5000MB_nvme_std_200iter_f30978584c,transformer_8dp_1pp_1tp_64B_512S_30522V_1024d_2b_100scale_200iter
main,bert,sync,50,5000,nvme_std,network_8_balanced,200,27206016800,8738289600,18467727200,0,18467880800,47.31532,0,16.63,bert_sync_n50_sz5000MB_nvme_std_200iter_0213dd04f2,transformer_8dp_1pp_1tp_64B_512S_30522V_1024d_2b_100scale_200iter
main,bert,checkfreq_like,60,500,nvme_std,network_8_balanced,200,18642644804,174917604,18467727200,0,18467880800,0.94631,0,16.72,bert_checkfreq_like_n60_sz500MB_nvme_std_200iter_ba5638b27b,transformer_8dp_1pp_1tp_64B_512S_30522V_1024d_2b_100scale_200iter
main,bert,sync,60,500,nvme_std,network_8_balanced,200,19341696800,873969600,18467727200,0,18467880800,4.73154,0,19.73,bert_sync_n60_sz500MB_nvme_std_200iter_58e1039098,transformer_8dp_1pp_1tp_64B_512S_30522V_1024d_2b_100scale_200iter
main,bert,checkfreq_like,60,1000,nvme_std,network_8_balanced,200,18817404804,349677604,18467727200,0,18467880800,1.8926,0,17.13,bert_checkfreq_like_n60_sz1000MB_nvme_std_200iter_465bf1e540,transformer_8dp_1pp_1tp_64B_512S_30522V_1024d_2b_100scale_200iter
main,bert,sync,60,1000,nvme_std,network_8_balanced,200,20215504800,1747777600,18467727200,0,18467880800,9.46305,0,14.84,bert_sync_n60_sz1000MB_nvme_std_200iter_7cce6f0bba,transformer_8dp_1pp_1tp_64B_512S_30522V_1024d_2b_100scale_200iter
main,bert,checkfreq_like,60,1500,nvme_std,network_8_balanced,200,18992168804,524441604,18467727200,0,18467880800,2.83892,0,14.38,bert_checkfreq_like_n60_sz1500MB_nvme_std_200iter_ea20aef37b,transformer_8dp_1pp_1tp_64B_512S_30522V_1024d_2b_100scale_200iter
main,bert,sync,60,1500,nvme_std,network_8_balanced,200,21089320800,2621593600,18467727200,0,18467880800,14.19459,0,13.96,bert_sync_n60_sz1500MB_nvme_std_200iter_4aaefeb18b,transformer_8dp_1pp_1tp_64B_512S_30522V_1024d_2b_100scale_200iter
main,bert,checkfreq_like,60,2000,nvme_std,network_8_balanced,200,19166932804,699205604,18467727200,0,18467880800,3.78523,0,13.09,bert_checkfreq_like_n60_sz2000MB_nvme_std_200iter_072c489469,transformer_8dp_1pp_1tp_64B_512S_30522V_1024d_2b_100scale_200iter
main,bert,sync,60,2000,nvme_std,network_8_balanced,200,21963136800,3495409600,18467727200,0,18467880800,18.92613,0,15.33,bert_sync_n60_sz2000MB_nvme_std_200iter_659b5ba14e,transformer_8dp_1pp_1tp_64B_512S_30522V_1024d_2b_100scale_200iter
main,bert,checkfreq_like,60,2500,nvme_std,network_8_balanced,200,19341692804,873965604,18467727200,0,18467880800,4.73152,0,15.67,bert_checkfreq_like_n60_sz2500MB_nvme_std_200iter_f3d60e003c,transformer_8dp_1pp_1tp_64B_512S_30522V_1024d_2b_100scale_200iter
main,bert,sync,60,2500,nvme_std,network_8_balanced,200,22836944800,4369217600,18467727200,0,18467880800,23.65764,0,16.07,bert_sync_n60_sz2500MB_nvme_std_200iter_af6faf8bcd,transformer_8dp_1pp_1tp_64B_512S_30522V_1024d_2b_100scale_200iter
main,bert,checkfreq_like,60,3000,nvme_std,network_8_balanced,200,19516456804,1048729604,18467727200,0,18467880800,5.67784,0,18.01,bert_checkfreq_like_n60_sz3000MB_nvme_std_200iter_72a3d4ff7f,transformer_8dp_1pp_1tp_64B_512S_30522V_1024d_2b_100scale_200iter
main,bert,sync,60,3000,nvme_std,network_8_balanced,200,23710760800,5243033600,18467727200,0,18467880800,28.38918,0,16.05,bert_sync_n60_sz3000MB_nvme_std_200iter_c55c3200bc,transformer_8dp_1pp_1tp_64B_512S_30522V_1024d_2b_100scale_200iter
main,bert,checkfreq_like,60,3500,nvme_std,network_8_balanced,200,19691220804,1223493604,18467727200,0,18467880800,6.62415,0,16.44,bert_checkfreq_like_n60_sz3500MB_nvme_std_200iter_eec3200514,transformer_8dp_1pp_1tp_64B_512S_30522V_1024d_2b_100scale_200iter
main,bert,sync,60,3500,nvme_std,network_8_balanced,200,24584576800,6116849600,18467727200,0,18467880800,33.12072,0,16.33,bert_sync_n60_sz3500MB_nvme_std_200iter_b8673aca52,transformer_8dp_1pp_1tp_64B_512S_30522V_1024d_2b_100scale_200iter
main,bert,checkfreq_like,60,4000,nvme_std,network_8_balanced,200,19865980804,1398253604,18467727200,0,18467880800,7.57044,0,16.5,bert_checkfreq_like_n60_sz4000MB_nvme_std_200iter_667a7cfaa9,transformer_8dp_1pp_1tp_64B_512S_30522V_1024d_2b_100scale_200iter
main,bert,sync,60,4000,nvme_std,network_8_balanced,200,25458384800,6990657600,18467727200,0,18467880800,37.85223,0,16.54,bert_sync_n60_sz4000MB_nvme_std_200iter_0c0e0412ca,transformer_8dp_1pp_1tp_64B_512S_30522V_1024d_2b_100scale_200iter
main,bert,checkfreq_like,60,4500,nvme_std,network_8_balanced,200,20040744804,1573017604,18467727200,0,18467880800,8.51675,0,16.74,bert_checkfreq_like_n60_sz4500MB_nvme_std_200iter_8532793f1b,transformer_8dp_1pp_1tp_64B_512S_30522V_1024d_2b_100scale_200iter
main,bert,sync,60,4500,nvme_std,network_8_balanced,200,26332200800,7864473600,18467727200,0,18467880800,42.58377,0,16.2,bert_sync_n60_sz4500MB_nvme_std_200iter_d233fc4aaa,transformer_8dp_1pp_1tp_64B_512S_30522V_1024d_2b_100scale_200iter
main,bert,checkfreq_like,60,5000,nvme_std,network_8_balanced,200,20215508804,1747781604,18467727200,0,18467880800,9.46307,0,14.12,bert_checkfreq_like_n60_sz5000MB_nvme_std_200iter_402787d678,transformer_8dp_1pp_1tp_64B_512S_30522V_1024d_2b_100scale_200iter
main,bert,sync,60,5000,nvme_std,network_8_balanced,200,27206016800,8738289600,18467727200,0,18467880800,47.31532,0,12.97,bert_sync_n60_sz5000MB_nvme_std_200iter_d476907202,transformer_8dp_1pp_1tp_64B_512S_30522V_1024d_2b_100scale_200iter
main,bert,checkfreq_like,70,500,nvme_std,network_8_balanced,200,18598953803,131226603,18467727200,0,18467880800,0.70973,0,16.25,bert_checkfreq_like_n70_sz500MB_nvme_std_200iter_e4d2dea1ae,transformer_8dp_1pp_1tp_64B_512S_30522V_1024d_2b_100scale_200iter
main,bert,sync,70,500,nvme_std,network_8_balanced,200,19123242800,655515600,18467727200,0,18467880800,3.54866,0,15.53,bert_sync_n70_sz500MB_nvme_std_200iter_cd95e8f723,transformer_8dp_1pp_1tp_64B_512S_30522V_1024d_2b_100scale_200iter
main,bert,checkfreq_like,70,1000,nvme_std,network_8_balanced,200,18730023803,262296603,18467727200,0,18467880800,1.41945,0,14.21,bert_checkfreq_like_n70_sz1000MB_nvme_std_200iter_b8c015969b,transformer_8dp_1pp_1tp_64B_512S_30522V_1024d_2b_100scale_200iter
main,bert,sync,70,1000,nvme_std,network_8_balanced,200,19778598800,1310871600,18467727200,0,18467880800,7.09728,0,15.21,bert_sync_n70_sz1000MB_nvme_std_200iter_c272b8cb30,transformer_8dp_1pp_1tp_64B_512S_30522V_1024d_2b_100scale_200iter
main,bert,checkfreq_like,70,1500,nvme_std,network_8_balanced,200,18861096803,393369603,18467727200,0,18467880800,2.12919,0,33.61,bert_checkfreq_like_n70_sz1500MB_nvme_std_200iter_44d7bdbc47,transformer_8dp_1pp_1tp_64B_512S_30522V_1024d_2b_100scale_200iter
main,bert,sync,70,1500,nvme_std,network_8_balanced,200,20433960800,1966233600,18467727200,0,18467880800,10.64594,0,26.94,bert_sync_n70_sz1500MB_nvme_std_200iter_8e08695759,transformer_8dp_1pp_1tp_64B_512S_30522V_1024d_2b_100scale_200iter
main,bert,checkfreq_like,70,2000,nvme_std,network_8_balanced,200,18992169803,524442603,18467727200,0,18467880800,2.83892,0,18.86,bert_checkfreq_like_n70_sz2000MB_nvme_std_200iter_f84fbe0696,transformer_8dp_1pp_1tp_64B_512S_30522V_1024d_2b_100scale_200iter
main,bert,sync,70,2000,nvme_std,network_8_balanced,200,21089322800,2621595600,18467727200,0,18467880800,14.1946,0,17.53,bert_sync_n70_sz2000MB_nvme_std_200iter_659d87fcfc,transformer_8dp_1pp_1tp_64B_512S_30522V_1024d_2b_100scale_200iter
main,bert,checkfreq_like,70,2500,nvme_std,network_8_balanced,200,19123239803,655512603,18467727200,0,18467880800,3.54864,0,16.5,bert_checkfreq_like_n70_sz2500MB_nvme_std_200iter_919914b2f8,transformer_8dp_1pp_1tp_64B_512S_30522V_1024d_2b_100scale_200iter
main,bert,sync,70,2500,nvme_std,network_8_balanced,200,21744678800,3276951600,18467727200,0,18467880800,17.74323,0,15.68,bert_sync_n70_sz2500MB_nvme_std_200iter_78a72306e7,transformer_8dp_1pp_1tp_64B_512S_30522V_1024d_2b_100scale_200iter
main,bert,checkfreq_like,70,3000,nvme_std,network_8_balanced,200,19254312803,786585603,18467727200,0,18467880800,4.25838,0,14.45,bert_checkfreq_like_n70_sz3000MB_nvme_std_200iter_85cd56d88f,transformer_8dp_1pp_1tp_64B_512S_30522V_1024d_2b_100scale_200iter
main,bert,sync,70,3000,nvme_std,network_8_balanced,200,22400040800,3932313600,18467727200,0,18467880800,21.29189,0,14.29,bert_sync_n70_sz3000MB_nvme_std_200iter_a1b008dacd,transformer_8dp_1pp_1tp_64B_512S_30522V_1024d_2b_100scale_200iter
main,bert,checkfreq_like,70,3500,nvme_std,network_8_balanced,200,19385385803,917658603,18467727200,0,18467880800,4.96811,0,17.29,bert_checkfreq_like_n70_sz3500MB_nvme_std_200iter_de7b8840b2,transformer_8dp_1pp_1tp_64B_512S_30522V_1024d_2b_100scale_200iter
main,bert,sync,70,3500,nvme_std,network_8_balanced,200,23055402800,4587675600,18467727200,0,18467880800,24.84054,0,17.24,bert_sync_n70_sz3500MB_nvme_std_200iter_307ef11e05,transformer_8dp_1pp_1tp_64B_512S_30522V_1024d_2b_100scale_200iter
main,bert,checkfreq_like,70,4000,nvme_std,network_8_balanced,200,19516455803,1048728603,18467727200,0,18467880800,5.67783,0,19.22,bert_checkfreq_like_n70_sz4000MB_nvme_std_200iter_6e97f820af,transformer_8dp_1pp_1tp_64B_512S_30522V_1024d_2b_100scale_200iter
main,bert,sync,70,4000,nvme_std,network_8_balanced,200,23710758800,5243031600,18467727200,0,18467880800,28.38917,0,17.45,bert_sync_n70_sz4000MB_nvme_std_200iter_0945af6fd2,transformer_8dp_1pp_1tp_64B_512S_30522V_1024d_2b_100scale_200iter
main,bert,checkfreq_like,70,4500,nvme_std,network_8_balanced,200,19647528803,1179801603,18467727200,0,18467880800,6.38757,0,15.85,bert_checkfreq_like_n70_sz4500MB_nvme_std_200iter_a2050a597b,transformer_8dp_1pp_1tp_64B_512S_30522V_1024d_2b_100scale_200iter
main,bert,sync,70,4500,nvme_std,network_8_balanced,200,24366120800,5898393600,18467727200,0,18467880800,31.93783,0,13.73,bert_sync_n70_sz4500MB_nvme_std_200iter_9c7c72793d,transformer_8dp_1pp_1tp_64B_512S_30522V_1024d_2b_100scale_200iter
main,bert,checkfreq_like,70,5000,nvme_std,network_8_balanced,200,19778601803,1310874603,18467727200,0,18467880800,7.0973,0,13.81,bert_checkfreq_like_n70_sz5000MB_nvme_std_200iter_68b3254b51,transformer_8dp_1pp_1tp_64B_512S_30522V_1024d_2b_100scale_200iter
main,bert,sync,70,5000,nvme_std,network_8_balanced,200,25021482800,6553755600,18467727200,0,18467880800,35.48649,0,14.11,bert_sync_n70_sz5000MB_nvme_std_200iter_b7cd321db6,transformer_8dp_1pp_1tp_64B_512S_30522V_1024d_2b_100scale_200iter
main,bert,checkfreq_like,80,500,nvme_std,network_8_balanced,200,18598953803,131226603,18467727200,0,18467880800,0.70973,0,14.28,bert_checkfreq_like_n80_sz500MB_nvme_std_200iter_191c93adf7,transformer_8dp_1pp_1tp_64B_512S_30522V_1024d_2b_100scale_200iter
main,bert,sync,80,500,nvme_std,network_8_balanced,200,19123242800,655515600,18467727200,0,18467880800,3.54866,0,15.3,bert_sync_n80_sz500MB_nvme_std_200iter_867de405c3,transformer_8dp_1pp_1tp_64B_512S_30522V_1024d_2b_100scale_200iter
main,bert,checkfreq_like,80,1000,nvme_std,network_8_balanced,200,18730023803,262296603,18467727200,0,18467880800,1.41945,0,16.3,bert_checkfreq_like_n80_sz1000MB_nvme_std_200iter_15edfd37c8,transformer_8dp_1pp_1tp_64B_512S_30522V_1024d_2b_100scale_200iter
main,bert,sync,80,1000,nvme_std,network_8_balanced,200,19778598800,1310871600,18467727200,0,18467880800,7.09728,0,15.41,bert_sync_n80_sz1000MB_nvme_std_200iter_78953acd88,transformer_8dp_1pp_1tp_64B_512S_30522V_1024d_2b_100scale_200iter
main,bert,checkfreq_like,80,1500,nvme_std,network_8_balanced,200,18861096803,393369603,18467727200,0,18467880800,2.12919,0,13.71,bert_checkfreq_like_n80_sz1500MB_nvme_std_200iter_920c17545d,transformer_8dp_1pp_1tp_64B_512S_30522V_1024d_2b_100scale_200iter
main,bert,sync,80,1500,nvme_std,network_8_balanced,200,20433960800,1966233600,18467727200,0,18467880800,10.64594,0,14.34,bert_sync_n80_sz1500MB_nvme_std_200iter_183258b1e8,transformer_8dp_1pp_1tp_64B_512S_30522V_1024d_2b_100scale_200iter
main,bert,checkfreq_like,80,2000,nvme_std,network_8_balanced,200,18992169803,524442603,18467727200,0,18467880800,2.83892,0,13.98,bert_checkfreq_like_n80_sz2000MB_nvme_std_200iter_4eeacd4a51,transformer_8dp_1pp_1tp_64B_512S_30522V_1024d_2b_100scale_200iter
main,bert,sync,80,2000,nvme_std,network_8_balanced,200,21089322800,2621595600,18467727200,0,18467880800,14.1946,0,14.15,bert_sync_n80_sz2000MB_nvme_std_200iter_2a5feb2db0,transformer_8dp_1pp_1tp_64B_512S_30522V_1024d_2b_100scale_200iter
main,bert,checkfreq_like,80,2500,nvme_std,network_8_balanced,200,19123239803,655512603,18467727200,0,18467880800,3.54864,0,15.37,bert_checkfreq_like_n80_sz2500MB_nvme_std_200iter_8e76998953,transformer_8dp_1pp_1tp_64B_512S_30522V_1024d_2b_100scale_200iter
main,bert,sync,80,2500,nvme_std,network_8_balanced,200,21744678800,3276951600,18467727200,0,18467880800,17.74323,0,15.41,bert_sync_n80_sz2500MB_nvme_std_200iter_239e9bf831,transformer_8dp_1pp_1tp_64B_512S_30522V_1024d_2b_100scale_200iter
main,bert,checkfreq_like,80,3000,nvme_std,network_8_balanced,200,19254312803,786585603,18467727200,0,18467880800,4.25838,0,15.55,bert_checkfreq_like_n80_sz3000MB_nvme_std_200iter_378ad910b3,transformer_8dp_1pp_1tp_64B_512S_30522V_1024d_2b_100scale_200iter
main,bert,sync,80,3000,nvme_std,network_8_balanced,200,22400040800,3932313600,18467727200,0,18467880800,21.29189,0,14.33,bert_sync_n80_sz3000MB_nvme_std_200iter_eb67ddf486,transformer_8dp_1pp_1tp_64B_512S_30522V_1024d_2b_100scale_200iter
main,bert,checkfreq_like,80,3500,nvme_std,network_8_balanced,200,19385385803,917658603,18467727200,0,18467880800,4.96811,0,14.13,bert_checkfreq_like_n80_sz3500MB_nvme_std_200iter_9786312faf,transformer_8dp_1pp_1tp_64B_512S_30522V_1024d_2b_100scale_200iter
main,bert,sync,80,3500,nvme_std,network_8_balanced,200,23055402800,4587675600,18467727200,0,18467880800,24.84054,0,15.98,bert_sync_n80_sz3500MB_nvme_std_200iter_72ee79e2a8,transformer_8dp_1pp_1tp_64B_512S_30522V_1024d_2b_100scale_200iter
main,bert,checkfreq_like,80,4000,nvme_std,network_8_balanced,200,19516455803,1048728603,18467727200,0,18467880800,5.67783,0,15.27,bert_checkfreq_like_n80_sz4000MB_nvme_std_200iter_cad36f7f25,transformer_8dp_1pp_1tp_64B_512S_30522V_1024d_2b_100scale_200iter
main,bert,sync,80,4000,nvme_std,network_8_balanced,200,23710758800,5243031600,18467727200,0,18467880800,28.38917,0,14.57,bert_sync_n80_sz4000MB_nvme_std_200iter_2ecfa2352f,transformer_8dp_1pp_1tp_64B_512S_30522V_1024d_2b_100scale_200iter
main,bert,checkfreq_like,80,4500,nvme_std,network_8_balanced,200,19647528803,1179801603,18467727200,0,18467880800,6.38757,0,18.45,bert_checkfreq_like_n80_sz4500MB_nvme_std_200iter_6c8bbb5ef9,transformer_8dp_1pp_1tp_64B_512S_30522V_1024d_2b_100scale_200iter
main,bert,sync,80,4500,nvme_std,network_8_balanced,200,24366120800,5898393600,18467727200,0,18467880800,31.93783,0,19.52,bert_sync_n80_sz4500MB_nvme_std_200iter_2092772999,transformer_8dp_1pp_1tp_64B_512S_30522V_1024d_2b_100scale_200iter
main,bert,checkfreq_like,80,5000,nvme_std,network_8_balanced,200,19778601803,1310874603,18467727200,0,18467880800,7.0973,0,16.6,bert_checkfreq_like_n80_sz5000MB_nvme_std_200iter_0abce344d4,transformer_8dp_1pp_1tp_64B_512S_30522V_1024d_2b_100scale_200iter
main,bert,sync,80,5000,nvme_std,network_8_balanced,200,25021482800,6553755600,18467727200,0,18467880800,35.48649,0,17.18,bert_sync_n80_sz5000MB_nvme_std_200iter_4741d703cc,transformer_8dp_1pp_1tp_64B_512S_30522V_1024d_2b_100scale_200iter
main,bert,checkfreq_like,90,500,nvme_std,network_8_balanced,200,18598953803,131226603,18467727200,0,18467880800,0.70973,0,20.55,bert_checkfreq_like_n90_sz500MB_nvme_std_200iter_cab415defd,transformer_8dp_1pp_1tp_64B_512S_30522V_1024d_2b_100scale_200iter
main,bert,sync,90,500,nvme_std,network_8_balanced,200,19123242800,655515600,18467727200,0,18467880800,3.54866,0,17.13,bert_sync_n90_sz500MB_nvme_std_200iter_5722f9fe92,transformer_8dp_1pp_1tp_64B_512S_30522V_1024d_2b_100scale_200iter
main,bert,checkfreq_like,90,1000,nvme_std,network_8_balanced,200,18730023803,262296603,18467727200,0,18467880800,1.41945,0,17.62,bert_checkfreq_like_n90_sz1000MB_nvme_std_200iter_5184a487ea,transformer_8dp_1pp_1tp_64B_512S_30522V_1024d_2b_100scale_200iter
main,bert,sync,90,1000,nvme_std,network_8_balanced,200,19778598800,1310871600,18467727200,0,18467880800,7.09728,0,18.41,bert_sync_n90_sz1000MB_nvme_std_200iter_3d8595bf66,transformer_8dp_1pp_1tp_64B_512S_30522V_1024d_2b_100scale_200iter
main,bert,checkfreq_like,90,1500,nvme_std,network_8_balanced,200,18861096803,393369603,18467727200,0,18467880800,2.12919,0,15.04,bert_checkfreq_like_n90_sz1500MB_nvme_std_200iter_c48ae61189,transformer_8dp_1pp_1tp_64B_512S_30522V_1024d_2b_100scale_200iter
main,bert,sync,90,1500,nvme_std,network_8_balanced,200,20433960800,1966233600,18467727200,0,18467880800,10.64594,0,15.74,bert_sync_n90_sz1500MB_nvme_std_200iter_5adf59500b,transformer_8dp_1pp_1tp_64B_512S_30522V_1024d_2b_100scale_200iter
main,bert,checkfreq_like,90,2000,nvme_std,network_8_balanced,200,18992169803,524442603,18467727200,0,18467880800,2.83892,0,15.16,bert_checkfreq_like_n90_sz2000MB_nvme_std_200iter_de54a5fed1,transformer_8dp_1pp_1tp_64B_512S_30522V_1024d_2b_100scale_200iter
main,bert,sync,90,2000,nvme_std,network_8_balanced,200,21089322800,2621595600,18467727200,0,18467880800,14.1946,0,18.82,bert_sync_n90_sz2000MB_nvme_std_200iter_ebe0964d9d,transformer_8dp_1pp_1tp_64B_512S_30522V_1024d_2b_100scale_200iter
main,bert,checkfreq_like,90,2500,nvme_std,network_8_balanced,200,19123239803,655512603,18467727200,0,18467880800,3.54864,0,18.12,bert_checkfreq_like_n90_sz2500MB_nvme_std_200iter_790982ed6e,transformer_8dp_1pp_1tp_64B_512S_30522V_1024d_2b_100scale_200iter
main,bert,sync,90,2500,nvme_std,network_8_balanced,200,21744678800,3276951600,18467727200,0,18467880800,17.74323,0,16.94,bert_sync_n90_sz2500MB_nvme_std_200iter_55d594c22e,transformer_8dp_1pp_1tp_64B_512S_30522V_1024d_2b_100scale_200iter
main,bert,checkfreq_like,90,3000,nvme_std,network_8_balanced,200,19254312803,786585603,18467727200,0,18467880800,4.25838,0,16.57,bert_checkfreq_like_n90_sz3000MB_nvme_std_200iter_9cd0d59727,transformer_8dp_1pp_1tp_64B_512S_30522V_1024d_2b_100scale_200iter
main,bert,sync,90,3000,nvme_std,network_8_balanced,200,22400040800,3932313600,18467727200,0,18467880800,21.29189,0,13.93,bert_sync_n90_sz3000MB_nvme_std_200iter_6f55d06f62,transformer_8dp_1pp_1tp_64B_512S_30522V_1024d_2b_100scale_200iter
main,bert,checkfreq_like,90,3500,nvme_std,network_8_balanced,200,19385385803,917658603,18467727200,0,18467880800,4.96811,0,15.6,bert_checkfreq_like_n90_sz3500MB_nvme_std_200iter_6f71ee3348,transformer_8dp_1pp_1tp_64B_512S_30522V_1024d_2b_100scale_200iter
main,bert,sync,90,3500,nvme_std,network_8_balanced,200,23055402800,4587675600,18467727200,0,18467880800,24.84054,0,17.68,bert_sync_n90_sz3500MB_nvme_std_200iter_51cb9e5792,transformer_8dp_1pp_1tp_64B_512S_30522V_1024d_2b_100scale_200iter
main,bert,checkfreq_like,90,4000,nvme_std,network_8_balanced,200,19516455803,1048728603,18467727200,0,18467880800,5.67783,0,16.91,bert_checkfreq_like_n90_sz4000MB_nvme_std_200iter_d8e6b25f17,transformer_8dp_1pp_1tp_64B_512S_30522V_1024d_2b_100scale_200iter
main,bert,sync,90,4000,nvme_std,network_8_balanced,200,23710758800,5243031600,18467727200,0,18467880800,28.38917,0,16.7,bert_sync_n90_sz4000MB_nvme_std_200iter_e6091b1948,transformer_8dp_1pp_1tp_64B_512S_30522V_1024d_2b_100scale_200iter
main,bert,checkfreq_like,90,4500,nvme_std,network_8_balanced,200,19647528803,1179801603,18467727200,0,18467880800,6.38757,0,15.57,bert_checkfreq_like_n90_sz4500MB_nvme_std_200iter_50cf6b33a4,transformer_8dp_1pp_1tp_64B_512S_30522V_1024d_2b_100scale_200iter
main,bert,sync,90,4500,nvme_std,network_8_balanced,200,24366120800,5898393600,18467727200,0,18467880800,31.93783,0,16.23,bert_sync_n90_sz4500MB_nvme_std_200iter_f6ee7a8455,transformer_8dp_1pp_1tp_64B_512S_30522V_1024d_2b_100scale_200iter
main,bert,checkfreq_like,90,5000,nvme_std,network_8_balanced,200,19778601803,1310874603,18467727200,0,18467880800,7.0973,0,15.25,bert_checkfreq_like_n90_sz5000MB_nvme_std_200iter_ce8266fa22,transformer_8dp_1pp_1tp_64B_512S_30522V_1024d_2b_100scale_200iter
main,bert,sync,90,5000,nvme_std,network_8_balanced,200,25021482800,6553755600,18467727200,0,18467880800,35.48649,0,14.89,bert_sync_n90_sz5000MB_nvme_std_200iter_61d233fc61,transformer_8dp_1pp_1tp_64B_512S_30522V_1024d_2b_100scale_200iter
main,bert,checkfreq_like,100,500,nvme_std,network_8_balanced,200,18555262802,87535602,18467727200,0,18467880800,0.47316,0,16.36,bert_checkfreq_like_n100_sz500MB_nvme_std_200iter_3afe03c7af,transformer_8dp_1pp_1tp_64B_512S_30522V_1024d_2b_100scale_200iter
main,bert,sync,100,500,nvme_std,network_8_balanced,200,18904788800,437061600,18467727200,0,18467880800,2.36577,0,15.79,bert_sync_n100_sz500MB_nvme_std_200iter_9de5228d0d,transformer_8dp_1pp_1tp_64B_512S_30522V_1024d_2b_100scale_200iter
main,bert,checkfreq_like,100,1000,nvme_std,network_8_balanced,200,18642642802,174915602,18467727200,0,18467880800,0.9463,0,16.46,bert_checkfreq_like_n100_sz1000MB_nvme_std_200iter_7c84e99555,transformer_8dp_1pp_1tp_64B_512S_30522V_1024d_2b_100scale_200iter
main,bert,sync,100,1000,nvme_std,network_8_balanced,200,19341692800,873965600,18467727200,0,18467880800,4.73152,0,16.42,bert_sync_n100_sz1000MB_nvme_std_200iter_876a1f6f9b,transformer_8dp_1pp_1tp_64B_512S_30522V_1024d_2b_100scale_200iter
main,bert,checkfreq_like,100,1500,nvme_std,network_8_balanced,200,18730024802,262297602,18467727200,0,18467880800,1.41946,0,15.99,bert_checkfreq_like_n100_sz1500MB_nvme_std_200iter_761e10c096,transformer_8dp_1pp_1tp_64B_512S_30522V_1024d_2b_100scale_200iter
main,bert,sync,100,1500,nvme_std,network_8_balanced,200,19778600800,1310873600,18467727200,0,18467880800,7.0973,0,16.28,bert_sync_n100_sz1500MB_nvme_std_200iter_503d129b42,transformer_8dp_1pp_1tp_64B_512S_30522V_1024d_2b_100scale_200iter
main,bert,checkfreq_like,100,2000,nvme_std,network_8_balanced,200,18817406802,349679602,18467727200,0,18467880800,1.89262,0,16.98,bert_checkfreq_like_n100_sz2000MB_nvme_std_200iter_dbfc0c083d,transformer_8dp_1pp_1tp_64B_512S_30522V_1024d_2b_100scale_200iter
main,bert,sync,100,2000,nvme_std,network_8_balanced,200,20215508800,1747781600,18467727200,0,18467880800,9.46307,0,16.01,bert_sync_n100_sz2000MB_nvme_std_200iter_f4914cc74a,transformer_8dp_1pp_1tp_64B_512S_30522V_1024d_2b_100scale_200iter
main,bert,checkfreq_like,100,2500,nvme_std,network_8_balanced,200,18904786802,437059602,18467727200,0,18467880800,2.36576,0,15.55,bert_checkfreq_like_n100_sz2500MB_nvme_std_200iter_55d4c9684c,transformer_8dp_1pp_1tp_64B_512S_30522V_1024d_2b_100scale_200iter
main,bert,sync,100,2500,nvme_std,network_8_balanced,200,20652412800,2184685600,18467727200,0,18467880800,11.82882,0,16.76,bert_sync_n100_sz2500MB_nvme_std_200iter_63ff533425,transformer_8dp_1pp_1tp_64B_512S_30522V_1024d_2b_100scale_200iter
main,bert,checkfreq_like,100,3000,nvme_std,network_8_balanced,200,18992168802,524441602,18467727200,0,18467880800,2.83892,0,15.87,bert_checkfreq_like_n100_sz3000MB_nvme_std_200iter_b2eb54215e,transformer_8dp_1pp_1tp_64B_512S_30522V_1024d_2b_100scale_200iter
main,bert,sync,100,3000,nvme_std,network_8_balanced,200,21089320800,2621593600,18467727200,0,18467880800,14.19459,0,15.02,bert_sync_n100_sz3000MB_nvme_std_200iter_787b3d7af7,transformer_8dp_1pp_1tp_64B_512S_30522V_1024d_2b_100scale_200iter
main,bert,checkfreq_like,100,3500,nvme_std,network_8_balanced,200,19079550802,611823602,18467727200,0,18467880800,3.31207,0,15.45,bert_checkfreq_like_n100_sz3500MB_nvme_std_200iter_852c51f249,transformer_8dp_1pp_1tp_64B_512S_30522V_1024d_2b_100scale_200iter
main,bert,sync,100,3500,nvme_std,network_8_balanced,200,21526228800,3058501600,18467727200,0,18467880800,16.56036,0,19.0,bert_sync_n100_sz3500MB_nvme_std_200iter_d14d9b0212,transformer_8dp_1pp_1tp_64B_512S_30522V_1024d_2b_100scale_200iter
main,bert,checkfreq_like,100,4000,nvme_std,network_8_balanced,200,19166930802,699203602,18467727200,0,18467880800,3.78522,0,18.07,bert_checkfreq_like_n100_sz4000MB_nvme_std_200iter_f640141da4,transformer_8dp_1pp_1tp_64B_512S_30522V_1024d_2b_100scale_200iter
main,bert,sync,100,4000,nvme_std,network_8_balanced,200,21963132800,3495405600,18467727200,0,18467880800,18.92611,0,19.33,bert_sync_n100_sz4000MB_nvme_std_200iter_b00f8a5bfc,transformer_8dp_1pp_1tp_64B_512S_30522V_1024d_2b_100scale_200iter
main,bert,checkfreq_like,100,4500,nvme_std,network_8_balanced,200,19254312802,786585602,18467727200,0,18467880800,4.25838,0,16.53,bert_checkfreq_like_n100_sz4500MB_nvme_std_200iter_ee0ab12086,transformer_8dp_1pp_1tp_64B_512S_30522V_1024d_2b_100scale_200iter
main,bert,sync,100,4500,nvme_std,network_8_balanced,200,22400040800,3932313600,18467727200,0,18467880800,21.29189,0,14.92,bert_sync_n100_sz4500MB_nvme_std_200iter_4c8847080c,transformer_8dp_1pp_1tp_64B_512S_30522V_1024d_2b_100scale_200iter
main,bert,checkfreq_like,100,5000,nvme_std,network_8_balanced,200,19341694802,873967602,18467727200,0,18467880800,4.73153,0,14.75,bert_checkfreq_like_n100_sz5000MB_nvme_std_200iter_67d84163a9,transformer_8dp_1pp_1tp_64B_512S_30522V_1024d_2b_100scale_200iter
main,bert,sync,100,5000,nvme_std,network_8_balanced,200,22836948800,4369221600,18467727200,0,18467880800,23.65766,0,13.66,bert_sync_n100_sz5000MB_nvme_std_200iter_5fe6ca78a4,transformer_8dp_1pp_1tp_64B_512S_30522V_1024d_2b_100scale_200iter
